Id,Nombre,CIF,Direccion,Telefono
004a3eb1-4603-4596-a953-12fff2b75eb2,Trops,V29055175,"Nave Trops. Polígono Industrial Trops ; CP/Localidad: 29719 – Vélez-Málaga (Málaga)",952500700
28e3ba24-9ecc-4840-9d97-af803ca209ff,Olivia Reyes Gutierrez,A4466665,"Polígono Industrial Trops ; CP/Localidad: 29719 – Vélez-Málaga (Málaga)",444771223
6031bde9-16de-4cc4-8157-39cd9d8ceb3f,Maria Gutierrez,A44667922,"Polígono Industrial Trops ; CP/Localidad: 29719 – Vélez-Málaga (Málaga)",605887744
6bcc39b3-af91-47b5-ae21-aa4ad665f97b,Juan Gonzalez,B92510957,"Polígono La Pañoleta ; CP/Localidad: 29719 – Vélez-Málaga (Málaga)",952500722
87c1bd24-26fe-4317-a12e-04f1179ef8d0,Inversiones Xarki,A5547755,"Polígono Industrial Trops ; CP/Localidad: 29719 – Vélez-Málaga (Málaga)",602288744
e8064310-5011-4add-8fcb-35786de5809b,Tomas Dusi,A34552234,"Polígono Industrial Trops ; CP/Localidad: 29719 – Vélez-Málaga (Málaga)",887442455
f8e41411-e920-4ed1-addb-b1a8916a7273,Juan Moya,A1223475,"Polígono Industrial; CP/Localidad: 29719 – Vélez-Málaga (Málaga)",602228877